"视频描述","视频ID","发布时间","完播率","平均播放时长","播放量","推荐","喜欢","评论量","分享量","关注量","转发聊天和朋友圈","设为铃声","设为状态","设为朋友圈封面"
"注意了，今天 GitHub 有个项目把域名注册做成了免费
另一个项目给 AI 加了长期记忆，关掉对话下次还记得
这些信息差你错过了可能要等很久

你知道哪些服务本来收费结果被开源干掉了吗？评论区说说

#GitHub #开源项目 #程序员 #AI #科技圈","export/UzFfBgAAxKeiGHMDbT38jMzT4DCaEyAl0_rx-4BIbOhkfywIxA","2026/05/27","15.06%","18.41秒",1011,6,12,0,35,13,35,0,0,0
"6个AI代码大脑深度对比，差距不止十倍纯C写的codebase-memory-mcp，155种语言解析，查询亚毫秒，Linux内核28M行代码3分钟搞定但综合推荐CodeGraph，它有个独门绝技叫动态分派合成，静态分析也能追踪React的setState和Vue的事件绑定，零外部依赖，工具调用减少71%关注我，获取更多开源项目深度分析#GitHub #开源 #AI #程序员 #科技","export/UzFfBgAAxI-iVCkPLST9jMzT4DCa3VukGVNq7mFaQa_b0cdzWw","2026/05/26","14.50%","23.01秒",3075,6,27,4,103,11,103,0,0,0
"今天6个项目冲上GitHub日榜，19万星的巨头居然还在加速涨星

一个AI优化系统19万星，今天又涨了两千多星；还有一个项目专门教AI什么是好品味，消灭千篇一律的AI输出

gstack更夸张，YC总裁的AI编程配置，23个AI角色分别扮演CEO、设计师、QA，一个人就是一整个开发团队

从零学AI工程的项目单日涨星三千多，Fork数跟涨星持平，真有人在跟着学

感兴趣的可以看看

#GitHub热门 #程序员 #开源 #AI #科技","export/UzFfBgAAxI-iWD8FRxj9jMzT4DCabW_VMRKpMRh3opLCvcuouA","2026/05/26","7.51%","18.09秒",13020,62,121,5,646,159,646,0,0,0
"今天 6 个项目冲上榜，最高一天涨近四千星。Understand-Anything 把代码变成可以对话的知识图谱，不联网就能理解整个代码库。cmux 一个终端管所有 AI 代理，完成了自动弹通知。Kronos 专门为金融训练的语言模型，从底层理解行情语言。MiroFish 六万星的群体智能引擎，一群 AI 像鱼群一样协作预测。感兴趣的可以看看。

#GitHub热门 #程序员 #开源 #AI #科技","export/UzFfBgAAxJuibBljRAbyjMzT4DCaL_UvA2aM5w5-mBCtK8ynPA","2026/05/25","15.42%","23.62秒",5169,20,55,4,223,55,223,0,0,0
"本周 GitHub 最火的开源项目盘点！编程 Agent 赛道最卷 — codegraph 代码知识图谱、agentmemory 持久记忆、oh-my-pi 终端 Agent、orca 并行舰队、Cursor 开放插件生态技能框架同步爆发 — superpowers 星标突破 20 万！学习赛道持续火热 — AI 工程从零到一、vibe coding 零基础入门创新应用百花齐放 — WiFi 信号空间感知、端侧多语言 TTS、反爬全通过关键词：Agent、技能框架、端侧 AI#GitHub #开源 #Agent #AI #编程 #科技","export/UzFfBgAAxKWibH89VmvyjMzT4DCad9D9yIWQnP212gexrtMAIw","2026/05/25","8.31%","22.64秒",2663,12,25,10,101,21,101,0,0,0
"AI 编程工具集体冲榜了，六个项目三个是代码理解工具codegraph 预索引知识图谱，帮你的 AI 助手省大量 TokenUnderstand-Anything 把代码变成可交互地图，对着代码直接提问想看更多开源好项目，关注就对了#GitHub热门 #开源 #程序员 #AI #科技","export/UzFfBgAAxI2iMAwgcyDwjMzT4DCaaVsZ1b_Aa6KKdVjJQ_nZ2g","2026/05/24","11.63%","25.82秒",7766,47,90,10,377,87,377,0,0,0
"注意了，软件行业正在经历一次范式转移。传统软件卖工具，新玩法卖结果。你不需要学会计软件，AI直接帮你把账做好。投资机构红杉都发了专门论点，一季度AI创业公司拿了2400亿风投。最值得关注的方向是AI代理记账，299一个月包月，市场规模几千亿。不是在软件市场抢蛋糕，是在服务市场开新局。你觉得AI能取代代账公司吗？评论区聊聊#AI #创业机会 #代理记账 #数字化转型 #商业分析","export/UzFfBgAAxKGiCGERSUzwjMzT4DCao8sY1b4VyMMNUsHaXABAtA","2026/05/23","0.50%","20.70秒",604,1,0,0,5,1,5,0,0,0
"今天涨星最猛的 5 个项目，AI 工具占了六成。CodeGraph 连续三天霸榜，今天又涨 3684 星，提前帮你把代码知识图谱建好，不用读源码就能理解整个项目。还有个更离谱的，RuView 用你家 WiFi 路由器就能感知房间里有没有人，完全不需要摄像头，6 万 4 千星。关注 GitHub 星探，每天更新热门项目。

#GitHub热门 #程序员 #开源 #AI #科技","export/UzFfBgAAxIeiZC4HGznxjMzT4DCanK8ytQdPZ_OPqYgNIJQBYA","2026/05/23","13.38%","21.74秒",14855,71,156,4,651,223,651,0,0,0
"注意！2025年外卖大战结果出来了京东零佣金杀入，三个月拿下19%份额美团利润暴跌75%但份额没掉这场仗真正受伤的是饿了么你觉得补贴退了谁先撑不住？评论区聊聊#外卖大战 #京东外卖 #美团 #互联网 #商业分析","export/UzFfBgAAxNKhbHlUa0XxjMzT4DCaa5ugZsoMBaCwDJZBOKVmVA","2026/05/23","1.19%","26.03秒",589,4,0,0,0,2,0,0,0,0
"你还在手动剪辑短视频？别人已经用代码自动化了！
HyperFrames 面向 AI Agent，Pixelle 全自动从文案到成片，Remotion 面向开发者
三个项目三种路线，搜项目名就能找到

#编程 #开源项目 #科技 #效率工具","export/UzFfBgAAxNGhADwNdTX2jMzT4DCacZD-GfwAIt8M9zpQrSC1pA","2026/05/22","11.51%","16.25秒",1077,9,16,0,49,14,49,0,0,0
"10万Star的AI角色库，中文版居然比原版还猛！215个即插即用的AI专家角色，覆盖18个部门17种工具。不说你是专家，而是定义你怎么思考、怎么做事。中文版新增50个原创角色，抖音运营、高考志愿、养殖审核，中国独有场景全覆盖。开源免费，值得试试。关注获取更多好项目。#AI #智能体 #GitHub #开源 #程序员","export/UzFfBgAAxK2ifGEcTx_2jMzT4DCaqMIKpfYtURaynsBCEjuwDA","2026/05/22","6.83%","19.20秒",3662,16,39,12,199,26,199,0,0,0
"五个新项目同时杀入热榜！Skills生态彻底炸了 🔥

今天GitHub热榜被Skills生态刷屏了，5个新项目同时冲上来：

1️⃣ karpathy-skills — AI大神编程心得，14万星，把编码陷阱做成检查清单
2️⃣ research-skills — 学术研究全流程自动化，文献到论文一条龙
3️⃣ codegraph — 知识图谱方向持续火爆，总星破万，单日+4294
4️⃣ CLI-Anything — 让桌面软件变Agent原生，39K星
5️⃣ notebooklm-py — 播客生成能力，连网页端没有的功能都能调
6️⃣ streambert — 跨平台流媒体桌面应用，零广告零追踪

Skills生态这是要起飞的节奏！
#GitHub #AI #Skills #科技 #程序员 ","export/UzFfBgAAxI6iMAhYFWL2jMzT4DCat-Hit8aSO5hhuYN-rBjmdQ","2026/05/22","11.40%","23.03秒",7495,34,76,8,311,81,311,0,0,0
"注意了！一个估值50亿美元的AI平台，收紧审核后一周流失40%用户与此同时，开源替代品爆发式增长，一个项目Star从2万飙到13.7万这说明什么？情绪陪伴市场正在经历一场大洗牌你看到了什么机会？评论区聊聊#AI创业 #情绪价值 #商业机会 #开源","export/UzFfBgAAxI-iSC4vZgn3jMzT4DCaFOIw9OAt9xCZrr9k2_44Cw","2026/05/21","2.01%","25.90秒",997,1,4,2,13,4,13,0,0,0
"一对一辅导一小时八百块！如果AI把这个成本降到接近零呢？全球AI教育市场增速40.9%！中国市场2027年突破2500亿！三个开源项目+三条商业化路径全拆解懂行的已经在动手了关注我，获取更多AI商业深度分析#AI教育 #商业分析 #程序员 #教育科技 #深度解读","export/UzFfBgAAxKyicEkoR3f3jMzT4DCa_Tw1D2OkiMLgHd4K42op-Q","2026/05/21","1.13%","18.37秒",708,1,2,0,9,6,9,0,0,0
"今天四个新项目同时杀入GitHub热榜

openhuman三天暴涨两万星，今天又涨了三千多
codegraph总星正式破万，代码知识图谱越来越火
还有从零学AI工程的完整课程、终端AI编程代理

关注我，每天更新GitHub热门项目

#GitHub热门 #程序员 #开源 #AI编程 #科技","export/UzFfBgAAxNihIBlLI0H3jMzT4DCaeho2DPO9eA3HiT8LwSeVgg","2026/05/21","18.63%","20.55秒",5341,13,46,5,195,54,195,0,0,0
"49万亿的市场，3亿老人等着被服务，大厂居然集体缺席。中国60岁以上人口突破3亿，到2050年银发经济规模逼近50万亿。但这个市场几乎没人认真做——大厂嫌DAU低不做，传统养老企业数字化程度低。跌倒检测、用药提醒、情感陪伴，随便哪个痛点做透，都是十亿级机会。这条视频拆解了3个开源技术方案和3条商业化路径，想入局的建议看完。#银发经济 #AI #老龄化 #创业机会 #智能硬件","export/UzFfBgAAxI-ifB8tf2v0jMzT4DCar7DZg_-wz6Sn9VyViKvZ7Q","2026/05/20","3.76%","49.81秒",959,4,7,2,23,8,23,0,0,0
"三个月两万星！这个开源项目直接炸了一个能记住你、理解你、还能替你开会的AI助手18个专业Agent协同工作，118个第三方集成消息聚合20+渠道，一个界面管所有对话开源免费，代码完全透明，感兴趣的可以看看#AI #开源 #GitHub #程序员 #桌面助手","export/UzFfBgAAxK-iFBp7BV_0jMzT4DCa9EcY0DZtB7-a6MVswoNU4Q","2026/05/20","5.46%","25.54秒",604,3,10,0,16,5,16,0,0,0
"最近深度分析了5个能自动生成PPT的开源项目，从源码到架构到实际体验全部测了一遍。按五轮淘汰赛PK：能不能装上、会不会用、够不够精美、能不能改、实际场景验证。最终推荐两个：Presenton — 离线桌面应用，注重隐私，双击安装就能用ALLWEONE — 打开浏览器直接用，38个主题，专业编辑器两个都不需要写代码，五分钟内生成第一份精美PPT。#PPT #AI工具 #办公神器 #免费工具 #GitHub","export/UzFfBgAAxKmieDcObVv0jMzT4DCaBwx998bq9oy71ha36gLadA","2026/05/20","5.16%","33.17秒",873,9,6,2,29,5,29,0,0,0
"注意了，今天GitHub榜单有个信号：前8名有6个是AI智能体项目。openhuman一天近四千星，andrej-karpathy-skills近十四万总星。智能体工具正在爆发，你还没关注就晚了。收藏这条，回头慢慢研究

#GitHub #开源 #AI智能体","export/UzFfBgAAxKGiVGAlEi31jMzT4DCaMJRY9e9oEuk6NzG-ATlqvg","2026/05/20","16.63%","21.20秒",5119,27,64,4,228,83,228,0,0,0
"注意了，垂直AI智能体市场正在爆发2026年全球市场规模140亿美元，到2031年预计涨到340-495亿关键是大语言模型让搭建成本降低了90%以上以前几十人团队干半年的活，现在两三个人一个月就能搭出原型三条商业化路径怎么选？评论区有完整分析你觉得哪个行业最适合切入？#AI创业 #垂直AI #商业机会 #科技趋势","export/UzFfBgAAxIyiBC1_HSvqjMzT4DCaH1RxExQt44JeILZM4jeJsw","2026/05/19","3.73%","34.44秒",751,4,4,2,10,4,10,0,0,0
"今天 GitHub 涨星最猛的 6 个项目，AI 相关的占了一半！
一个 Rust 写的个人 AI 大脑，一天涨近四千星
还有用 WiFi 信号做空间感知的，完全不用摄像头
离线语音合成、反检测浏览器、开源情报平台
每个都值得关注，感兴趣的可以看看

#GitHub #开源 #AI #程序员 #科技","export/UzFfBgAAxNShGFU3Ej_qjMzT4DCaIFq5ud_MWl6DDKPUzcR2xA","2026/05/19","17.05%","23.41秒",28407,176,327,4,1372,759,1372,0,0,0
"一条命令就能让AI直接操控你桌面上的软件？这个36K Star的项目CLI-Anything，来自港大数据科学团队，能把Blender、GIMP、Obsidian这些桌面软件自动包装成AI可调用的命令行工具。七步全自动流水线，零配置适配18+主流软件。  设计师批量修图、开发者自动渲染、分析师操控表格，以前手动点十次的操作现在一句话搞定。纯Python开源，一条pip命令就能装上。#GitHub #AI #程序员  #自动化 #工具推荐","export/UzFfBgAAxN2hFBMeKRrrjMzT4DCa-H18tlCvUJkOjutN-Unfzg","2026/05/18","7.89%","19.06秒",736,3,4,0,14,3,14,0,0,0
"本周 GitHub 榜单上，AI 智能体项目占了七成！superpowers 快二十万星，skills 近九万星，agentmemory 给 AI 加记忆。开发工具端，bun 九万星，react-doctor 专门抓 AI 写的烂代码。RuView 用 WiFi 信号感知人体不需要摄像头，五万九千星。关注 GitHub 星探，每周带你盘点#GitHub每周热门 #开源 #程序员 #AI","export/UzFfBgAAxKWiTDMcIXXrjMzT4DCaCB7jG7uXvsCGeUtuDNcLkQ","2026/05/18","9.74%","24.69秒",6944,51,88,8,273,131,273,0,0,0
"今天 GitHub 一天涨了将近 1700 颗星的是什么项目？openhuman，完全本地运行的 AI 助手，数据不上传！bun 极速 JS 运行时也涨了 900 多星，codegraph 给编程助手做知识图谱，还有开源 AI 图像视频生成。关注我，每天带你发现热门开源项目

#GitHub热门 #程序员 #开源 #AI助手 #每日推荐","export/UzFfBgAAxKWiODdDJnLrjMzT4DCaO6U1tSaZ4Uu7YHWCm736qg","2026/05/18","14.21%","17.07秒",2941,6,34,5,84,61,84,0,0,0
"你的公司是不是也买了各种AI工具，结果发现——ChatGPT不懂数据，RPA改个流程就崩了，员工还是手动搬砖？全球AI Agent市场今年冲到140亿美元，增速45%。但真相是：62%的企业试了，规模化率不到10%。为什么？因为通用AI不懂你的行业。法律合同审查8小时，AI Agent 30分钟。保险核保一个case人工成本上千，Agent批量处理成本接近零。金融风控分析师每天处理几百笔异常交易，Agent 24小时不停歇。三个最火的开源项目：LangChain 13.6万星、AutoGen 5.8万星、CrewAI 5.1万星——总生态超24万颗星，你还在从零开始造轮子？报告里拆解了垂直AI智能体的六问深度分析、三个开源项目的技术对比矩阵、三条商业化路径的MVP周期和收入模型。别再问""要不要用AI""了，该问的是""怎么用它交付结果""。#AI智能体 #LangChain #创业机会 #数字化转型","export/UzFfBgAAxKeiJFd1eE3rjMzT4DCahOvMv6S91ygK6cvZC3khlA","2026/05/18","0.99%","19.46秒",503,0,1,0,1,1,1,0,0,0
"8.3万亿市场，大厂不愿碰，3亿老人在等你

中国3.2亿老年人，一线城市年均养老消费2.8万，2035年市场规模破30万亿。

但你知道吗？这个市场大厂根本不想做。

为什么？老年人DAU低、付费谨慎、学习曲线长——互联网大厂的数据驱动体系直接判了""不划算""。结果就是：3亿老人被困在数字鸿沟里，1.2亿独居老人没人看护，40%的城市独居老人有抑郁倾向。

一次脑卒中急救，后续康复费用几十万。一个住家保姆，月薪6000到1万。一个跌倒没被发现，代价可能是生命。

但问题就是机会。三个开源项目——AgeWell综合服务平台、ElderAid IoT智能手环、MindCare AI语音认知助手——虽然都是原型级，但这恰恰说明：市场空白巨大，谁先做出老人真正会用、子女真正放心的产品，谁就占据先发优势。

报告里有完整的六问需求分析、三个项目的二次开发建议、三条商业化路径。子女付费、老人使用——双面产品设计怎么做？全在里面了。

**#银发经济 #养老创业 #AI #社会企业**","export/UzFfBgAAxKCiQCNzQR7ojMzT4DCaV9jkDYXulLfFzTTTmxOTBA","2026/05/17","1.93%","16.93秒",569,0,3,0,11,2,11,0,0,0
"今天 GitHub 一天涨了 3132 颗星的项目是什么？Claude 技能包，工程师实战工具，一天爆涨三千星。还有 WiFi 信号空间感知、智能体技能框架，一天涨星最快的开源项目盘点。关注我，每天带你发现最火的开源项目。","export/UzFfBgAAxJ6iaG9Vd1PojMzT4DCawKjiD18zDHtCrQw9nT2CtQ","2026/05/17","18.34%","18.16秒",11740,56,123,4,478,230,478,0,0,0
"今天 GitHub 八个项目涨星最猛，AI 工具直接霸榜了 🔥

⭐ openhuman 一天涨了 1549 星，个人 AI 超级大脑
⭐ superpowers 快 20 万星的代理技能框架
⭐ RuView 用 WiFi 信号就能检测人体，不用摄像头
⭐ supertonic 本地多语言语音合成，速度快

还有代码知识图谱、科研分析代理、高性能 JS 运行时、开源 AI 视频生成。

#GitHub热门 #开源项目 #AI编程 #程序员 #科技","export/UzFfBgAAxNChXDsib1LojMzT4DCarzNNwOFlH9Gteh-LenzPpQ","2026/05/17","19.53%","18.65秒",6672,29,67,2,306,140,306,0,0,0
"本周 GitHub 上 AI 编程工具直接霸榜，一半以上项目都跟 AI 有关。

几个值得关注的：
- skills 项目一周涨了 2 万星，实战经验合集
- 9router 免费调用大模型编程
- WiFi 信号变身空间传感器，不用摄像头
- 隐身浏览器过了所有检测

AI 原生开发时代来了，从写代码到做研究、做交易，全链路 AI 化。

感兴趣的评论区扣 1，我把项目链接发你！

#开源 #GitHub #AI工具 #编程 #程序员","export/UzFfBgAAxI6iEARhV13ojMzT4DCad_r1JTU4sL-f_69hYB3_7g","2026/05/17","13.66%","24.83秒",4926,18,62,6,217,101,217,0,0,0
"WiFi信号能看穿墙壁！这不是科幻电影 🔥

最近发现一个叫RuView的开源项目，用WiFi路由器的无线电波就能感知人体：
1⃣ 人在房间里走动甚至呼吸，身体会改变WiFi信号的反射
2⃣ RuView捕捉这些微小变化，就能穿墙检测有人没人，准确率100%
3⃣ 能数人数、测呼吸精度到正负1次，还能识别走路坐着还是摔倒

想象一下：养老院不用摄像头就能监测老人跌倒，婴儿房不用穿戴设备就能监测呼吸，全黑环境也能正常工作

只要几个ESP32芯片组个网就行，Rust编写，58K Star，全部本地运行不上传云端

零隐私风险，不采集任何图像 👍

#GitHub #开源 #WiFi感知 #程序员 #科技","export/UzFfBgAAxNWhRExlcF3ojMzT4DCaNpq_ykNWLBgGRC-JNLmm0w","2026/05/17","12.42%","15.27秒",1393,7,9,4,23,5,23,0,0,0